date,time,season,temperature,humidity,solar,wind speed,holiday
2024-01-02,00:00:00,winter,15.387674651747385,51.28925666529176,0.0,4.029929424392798,0
2024-01-02,01:00:00,winter,19.678124373802994,64.79842757502729,0.0,2.5573868209516473,0
2024-01-02,02:00:00,winter,15.505050007887183,49.51596937848565,0.0,5.094351655265815,0
2024-01-02,03:00:00,winter,19.605256391116804,66.42909368910566,0.0,7.7776006454570705,0
2024-01-02,04:00:00,winter,5.973292988510497,55.177804450754095,0.0,3.772509042405722,0
2024-01-02,05:00:00,winter,12.00430176226592,64.93218464208917,0.0,4.123447268077153,0
2024-01-02,06:00:00,winter,6.409149858953063,60.651331054562405,0.03492679672543958,6.779565038520885,0
2024-01-02,07:00:00,winter,11.087462102175708,64.94221765219707,0.230627066943708,7.607629368358624,0
2024-01-02,08:00:00,winter,8.723235700194113,65.58922307929421,0.22548533822572459,8.363383961349303,0
2024-01-02,09:00:00,winter,16.396240320743672,44.089868096776186,0.10506146469323535,1.8297790378203593,0
2024-01-02,10:00:00,winter,16.37865975107782,56.88082220615349,0.031628097465180395,6.127983402599764,0
2024-01-02,11:00:00,winter,10.7313489901987,46.73494955943363,0.08089982415083855,3.3439963388967744,0
2024-01-02,12:00:00,winter,5.880547750038913,41.04467919667324,0.1842432609396729,5.316067156183248,0
2024-01-02,13:00:00,winter,9.15214761840382,54.9939842696785,0.1067799390580599,6.3530898406149925,0
2024-01-02,14:00:00,winter,11.741399619155608,48.17057458335941,0.014341138229861149,0.02352045253658619,0
2024-01-02,15:00:00,winter,11.272853264202542,49.60684639072652,0.24543178858332845,6.203724288087643,0
2024-01-02,16:00:00,winter,18.58130632305457,63.72017465603383,0.23188169648351264,8.293118650303706,0
2024-01-02,17:00:00,winter,16.192367808110642,49.3577112741557,0.12921785892963492,3.1360067933407043,0
2024-01-02,18:00:00,winter,10.275494154238555,46.373919829132824,0.07866188031839838,5.658237558391132,0
2024-01-02,19:00:00,winter,18.136139254598405,50.5625374735498,0.0,5.385519796095827,0
2024-01-02,20:00:00,winter,11.739314229516907,60.55649321376149,0.0,2.984146680103139,0
2024-01-02,21:00:00,winter,8.14371239317692,62.443507216005464,0.0,0.17940643537858847,0
2024-01-02,22:00:00,winter,7.177948860875585,63.076918082232226,0.0,5.797176265499553,0
2024-01-02,23:00:00,winter,6.023779391132827,42.76425951915189,0.0,4.200549302616139,0
2024-01-03,00:00:00,winter,6.5721015520445505,43.39067294535336,0.0,2.227911345307424,0
2024-01-03,01:00:00,winter,19.432348245120796,48.82211709244613,0.0,0.9935827251371621,0
2024-01-03,02:00:00,winter,8.788645108906419,57.20946167592952,0.0,8.873370092930005,0
2024-01-03,03:00:00,winter,5.818781853486612,55.68025588366252,0.0,7.838794296868064,0
2024-01-03,04:00:00,winter,18.429950799961038,65.98511274313823,0.0,2.1722240321657837,0
2024-01-03,05:00:00,winter,6.6201520851388835,65.72211020981527,0.0,0.08317739337387775,0
2024-01-03,06:00:00,winter,9.905978515669947,44.19246153833897,0.10794386319014272,0.18668468742949806,0
2024-01-03,07:00:00,winter,12.2559868865686,53.77287061064929,0.03375658716510519,0.814657377888035,0
2024-01-03,08:00:00,winter,9.265149568686027,66.55754073111102,0.1134948653958415,6.01410669412743,0
2024-01-03,09:00:00,winter,15.648983516711702,42.88126179090197,0.08295792240536692,5.111727023513558,0
2024-01-03,10:00:00,winter,7.574166705838776,46.36853541325672,0.12224875368303129,3.790731405537,0
2024-01-03,11:00:00,winter,18.060567360160036,40.862518955444145,0.19982905690248515,0.3995744985348171,0
2024-01-03,12:00:00,winter,18.09289211921193,53.336930129486824,0.04455126356626674,1.3700238870894643,0
2024-01-03,13:00:00,winter,12.389659037700152,46.99742166226973,0.24940224968921895,5.574146483353103,0
2024-01-03,14:00:00,winter,12.866113831617733,41.94453126594021,0.2803520939794624,5.806415564615225,0
2024-01-03,15:00:00,winter,17.072467804793817,56.281444964561885,0.2871375113462826,5.694279152277573,0
2024-01-03,16:00:00,winter,11.504338101539572,47.12957121438854,0.21753569532006278,0.42593229488345874,0
2024-01-03,17:00:00,winter,18.578775363028686,66.72551126205443,0.16013061770971063,1.4994123209713894,0
2024-01-03,18:00:00,winter,9.508360718353787,64.46528715952164,0.14241851955927814,0.8367039646116914,0
2024-01-03,19:00:00,winter,17.741452967790224,47.35683290944308,0.0,4.850363069672968,0
2024-01-03,20:00:00,winter,19.99644795025499,44.7753563743755,0.0,6.07746859167491,0
2024-01-03,21:00:00,winter,10.546220778279558,45.35964802537102,0.0,7.516819443322589,0
2024-01-03,22:00:00,winter,12.73566354932915,44.851990877558,0.0,1.3538915913593574,0
2024-01-03,23:00:00,winter,5.066283094826212,56.96961018654471,0.0,4.6906105708885315,0
2024-01-04,00:00:00,winter,16.070954717238095,49.93042778447291,0.0,4.28384223452367,0
2024-01-04,01:00:00,winter,16.709909392076128,58.915172508716786,0.0,5.171233278609847,0
2024-01-04,02:00:00,winter,13.712356929422047,54.95516160253133,0.0,1.8685882356618366,0
2024-01-04,03:00:00,winter,19.39955328725153,43.80295295001623,0.0,9.311793227559042,0
2024-01-04,04:00:00,winter,14.07629510706862,64.853608477623,0.0,9.059164049630946,0
2024-01-04,05:00:00,winter,6.965676206317294,55.15387419001621,0.0,9.209160021169096,0
2024-01-04,06:00:00,winter,19.05675432602783,52.613089596339535,0.26560300622630845,4.734944760099864,0
2024-01-04,07:00:00,winter,16.544836895185462,65.15361474901155,0.19353876997547922,0.6575676969491862,0
2024-01-04,08:00:00,winter,7.105628253276265,45.03150964415297,0.2151566596044023,9.54625356835956,0
2024-01-04,09:00:00,winter,6.587696767525112,52.52580835884088,0.1912434179584775,1.9839949717781458,0
2024-01-04,10:00:00,winter,7.953025720426528,51.38916685508015,0.2974005834740538,8.324199157670805,0
2024-01-04,11:00:00,winter,15.712631812413424,40.357741727403955,0.14144754579019175,1.6118423825206263,0
2024-01-04,12:00:00,winter,5.713073563205495,41.01599655209302,0.29828730331708997,9.334747032328787,0
2024-01-04,13:00:00,winter,17.662315293669458,59.15700817950305,0.16241246282614838,5.466740836828757,0
2024-01-04,14:00:00,winter,19.777547647847918,50.62949467622268,0.20783078251048778,8.601178936740972,0
2024-01-04,15:00:00,winter,10.649517086878788,43.602346263620085,0.08490592707425766,0.8775735008899899,0
2024-01-04,16:00:00,winter,14.3351460657859,67.02667408516268,0.2507959634662453,2.008066452791153,0
2024-01-04,17:00:00,winter,8.053075213818714,65.59412732912958,0.18296106740553586,6.772010707478565,0
2024-01-04,18:00:00,winter,17.286622142461447,65.72772632889217,0.20571450053069065,1.9634857523648452,0
2024-01-04,19:00:00,winter,17.71144082112933,61.47390777224854,0.0,0.09628606833095077,0
2024-01-04,20:00:00,winter,11.478619020494246,65.6713919536173,0.0,8.947704257348324,0
2024-01-04,21:00:00,winter,11.778306037447408,48.60956329959766,0.0,5.979374631372089,0
2024-01-04,22:00:00,winter,9.780963480959661,50.03892965983945,0.0,7.365463975328382,0
2024-01-04,23:00:00,winter,12.320267104665229,43.31511445412218,0.0,7.281904826239157,0
2024-01-05,00:00:00,winter,15.555534648570964,66.15897709169872,0.0,2.1365295519440974,0
2024-01-05,01:00:00,winter,5.38896581727538,69.06207264500092,0.0,9.5429581045548,0
2024-01-05,02:00:00,winter,15.241253103797852,54.32007913845618,0.0,4.328283065061303,0
2024-01-05,03:00:00,winter,18.06370455606742,62.318249762049305,0.0,4.7716330265873355,0
2024-01-05,04:00:00,winter,7.436193003706345,55.87394944498213,0.0,3.17380319629656,0
2024-01-05,05:00:00,winter,13.762678172702866,54.13228174581763,0.0,3.596306567467474,0
2024-01-05,06:00:00,winter,9.672358807779894,57.71133218126229,0.08142011378819339,7.223499437022082,0
2024-01-05,07:00:00,winter,14.269217891997558,65.42776770896162,0.1532599479352246,7.198254312884405,0
2024-01-05,08:00:00,winter,13.186917490327204,54.59324653731862,0.07914151062484878,5.081294516232571,0
2024-01-05,09:00:00,winter,6.890969743217665,47.57432945324461,0.2486881223162298,5.141891168415218,0
2024-01-05,10:00:00,winter,17.602825231220958,57.892763126204684,0.28995554319760614,6.298875832675918,0
2024-01-05,11:00:00,winter,15.048896305056692,66.645312204891,0.28864839675976717,0.5312689332895482,0
2024-01-05,12:00:00,winter,7.552018794376439,59.76721178219937,0.1398849645083454,6.825306489846186,0
2024-01-05,13:00:00,winter,18.783535436912388,47.48137452169879,0.23089779438751024,1.8711521304425482,0
2024-01-05,14:00:00,winter,7.6272264786870085,60.5560007008651,0.1355491086022609,8.508498087031182,0
2024-01-05,15:00:00,winter,16.23796585114161,63.69880830187865,0.2427453249558775,5.881044621027025,0
2024-01-05,16:00:00,winter,17.29604583617221,52.39953044084048,0.2862212804376105,7.463485091949396,0
2024-01-05,17:00:00,winter,5.792218385356956,40.84726720811328,0.13068456282466756,7.391448782848067,0
2024-01-05,18:00:00,winter,12.01723603046875,63.69660474343844,0.16938960163589062,7.119491507319592,0
2024-01-05,19:00:00,winter,5.408958303103628,42.37012929423917,0.0,0.233598646101143,0
2024-01-05,20:00:00,winter,9.831797665085372,68.83202520288506,0.0,4.685925475024061,0
2024-01-05,21:00:00,winter,10.650593772670016,41.717907235993195,0.0,4.0821400540050075,0
2024-01-05,22:00:00,winter,15.961632517136424,62.723200477246664,0.0,0.04811939393589815,0
2024-01-05,23:00:00,winter,11.136503321296889,57.90370021669298,0.0,0.040418489052519435,0
2024-01-06,00:00:00,winter,15.596487610962754,59.20086757786102,0.0,5.535686322619205,0
2024-01-06,01:00:00,winter,18.244584195411218,67.49732918323888,0.0,2.9310999246571647,0
2024-01-06,02:00:00,winter,6.192552664451553,63.32748202642297,0.0,5.235893740353559,0
2024-01-06,03:00:00,winter,11.423456028157181,61.276130968249475,0.0,4.249638988486263,0
2024-01-06,04:00:00,winter,7.478022242414218,69.43913518656754,0.0,1.886843770360801,0
2024-01-06,05:00:00,winter,14.921530312103604,40.405977979238074,0.0,2.386552896695313,0
2024-01-06,06:00:00,winter,5.926973933043726,61.958022193434566,0.2657392518897732,1.7672163393508622,0
2024-01-06,07:00:00,winter,18.737145058882703,52.52151949577802,0.2173446913232859,8.800704552177832,0
2024-01-06,08:00:00,winter,7.403910232394235,55.86430263125267,0.15721376033860873,5.724521179111678,0
2024-01-06,09:00:00,winter,7.249098976753563,69.3179589118506,0.15050182509691357,3.7052153532339736,0
2024-01-06,10:00:00,winter,18.849811682362485,50.43369307386257,0.015162533588863603,1.0537232338588287,0
2024-01-06,11:00:00,winter,14.988831230179295,58.805839140155506,0.21756366543304584,8.630370616807829,0
2024-01-06,12:00:00,winter,11.539968875552312,61.41622270469017,0.1163138768442587,0.6610696123466875,0
2024-01-06,13:00:00,winter,9.928692610896643,63.65445572439805,0.2786926941438106,4.932479360246827,0
2024-01-06,14:00:00,winter,19.32134912976221,48.61000901363306,0.18648288513350905,5.133332684591921,0
2024-01-06,15:00:00,winter,12.41652245521113,50.87985171776187,0.13366723691122212,4.87250523532262,0
2024-01-06,16:00:00,winter,5.52060445551576,65.07975349428384,0.21141085118130493,0.8002511160473391,0
2024-01-06,17:00:00,winter,9.530126887489574,54.52178975088463,0.07137160352393569,0.5026108657217632,0
2024-01-06,18:00:00,winter,9.63899644025261,56.108801804222864,0.06857858149780567,9.132416585541842,0
2024-01-06,19:00:00,winter,9.511096256446535,46.16551921304824,0.0,2.748109779346213,0
2024-01-06,20:00:00,winter,9.856725436894092,66.48619118890028,0.0,3.344825121147225,0
2024-01-06,21:00:00,winter,11.63179354015471,49.565134332574004,0.0,3.180702024277915,0
2024-01-06,22:00:00,winter,16.899107828604954,67.94464226761174,0.0,5.351646917678771,0
2024-01-06,23:00:00,winter,8.979853181987107,57.69790827448189,0.0,4.038572077425135,0
2024-01-07,00:00:00,winter,16.98940784132109,57.2314410693448,0.0,8.056656473805807,0
2024-01-07,01:00:00,winter,12.359607382124349,59.19581922328359,0.0,0.01884140193426198,0
2024-01-07,02:00:00,winter,12.418372950320968,63.06303858235988,0.0,8.428846368550403,0
2024-01-07,03:00:00,winter,13.189780148796627,51.69503855044839,0.0,7.629555047223961,0
2024-01-07,04:00:00,winter,7.254778694331456,45.78866706967154,0.0,7.552753023609099,0
2024-01-07,05:00:00,winter,5.451797310264899,47.874819997616804,0.0,5.412915648285267,0
2024-01-07,06:00:00,winter,19.501926807829964,42.22229604421388,0.19539366774697028,6.090742848666859,0
2024-01-07,07:00:00,winter,15.628168210323384,51.349503663827356,0.1600229833350281,1.5743882876361015,0
2024-01-07,08:00:00,winter,11.520798383377096,68.92863739625648,0.2537282884132269,9.656999234300535,0
2024-01-07,09:00:00,winter,16.170500676257276,50.96721078970454,0.2115630531291693,0.14232455294942992,0
2024-01-07,10:00:00,winter,10.979832317888821,50.27188950114055,0.07657733861207729,6.04817392885205,0
2024-01-07,11:00:00,winter,18.97378859016357,60.933263860237815,0.2496979105735419,1.2593885057213305,0
2024-01-07,12:00:00,winter,16.406946268691577,52.47252974924312,0.03198751094754003,1.0995399588733368,0
2024-01-07,13:00:00,winter,12.969498362838468,43.04560700888524,0.03929002768368195,7.702347385659129,0
2024-01-07,14:00:00,winter,18.36181849612013,58.17247420287075,0.2090500123011274,7.269847514356151,0
2024-01-07,15:00:00,winter,8.646712496565296,49.80979375502686,0.29563236501668694,1.716506343607006,0
2024-01-07,16:00:00,winter,7.470438726036178,41.64678230425928,0.06792662479600854,0.24993791753430972,0
2024-01-07,17:00:00,winter,16.04618609133335,40.32687868817932,0.1405735061558768,7.853222543102186,0
2024-01-07,18:00:00,winter,6.055734933960246,69.59327639831034,0.07642044833940997,5.217842214591581,0
2024-01-07,19:00:00,winter,5.244292427321058,48.38246367083817,0.0,7.585654550129455,0
2024-01-07,20:00:00,winter,12.221048317900232,62.58465081046964,0.0,1.8345762867283366,0
2024-01-07,21:00:00,winter,19.916862608365797,65.13585964383083,0.0,1.4393770197511913,0
2024-01-07,22:00:00,winter,6.413699975592586,52.03980133702336,0.0,2.4311939543770986,0
2024-01-07,23:00:00,winter,14.16601944110687,50.83484265466184,0.0,4.503841359381731,0
2024-01-08,00:00:00,winter,19.26958834642437,46.710785715545946,0.0,6.481120056817272,0
2024-01-08,01:00:00,winter,19.176052755195137,48.717424061873245,0.0,2.7596575404474057,0
2024-01-08,02:00:00,winter,7.555769127190258,53.85510097999031,0.0,2.432346802211841,0
2024-01-08,03:00:00,winter,12.61623377653833,62.11774445667436,0.0,7.885391042811131,0
2024-01-08,04:00:00,winter,8.272540360567135,49.39542521562112,0.0,8.598657434802137,0
2024-01-08,05:00:00,winter,11.129075264176027,47.49928467359506,0.0,3.7350313657423007,0
2024-01-08,06:00:00,winter,12.693072936620663,58.75303539326724,0.1731420632088819,2.500389455573054,0
2024-01-08,07:00:00,winter,19.44510182066004,41.207886380126766,0.03511717561680487,5.040899130053775,0
2024-01-08,08:00:00,winter,16.089828886432098,56.39316459966632,0.14439303273453294,2.3775607202569624,0
2024-01-08,09:00:00,winter,8.354569334499223,49.645879664351064,0.12214517440703848,3.8303092198814603,0
2024-01-08,10:00:00,winter,18.391144102473092,58.67216521955318,0.28145725727118914,7.455366709928196,0
2024-01-08,11:00:00,winter,15.436083696604937,45.83899242386203,0.2159880795121357,9.080950948780863,0
2024-01-08,12:00:00,winter,16.11997850309383,52.33034960008483,0.2903023569966874,4.860988221329294,0
2024-01-08,13:00:00,winter,19.943568561453798,59.20888223311033,0.061363722360482015,0.8159068895843602,0
2024-01-08,14:00:00,winter,13.918728377144289,42.04236084432295,0.15842900775913485,2.5781341235573194,0
2024-01-08,15:00:00,winter,16.831319745467034,45.5964804200596,0.24435658657205345,8.621014573335664,0
2024-01-08,16:00:00,winter,8.23565730778783,51.1303402404858,0.017577535884295746,0.518497214210133,0
2024-01-08,17:00:00,winter,15.039306206534112,62.089483095278155,0.04219903718533858,4.4222603836184575,0
2024-01-08,18:00:00,winter,15.964239006180062,64.55199312659303,0.27014693191690353,2.9521740266988763,0
2024-01-08,19:00:00,winter,18.494486397872564,50.00562707022836,0.0,6.855874655461905,0
2024-01-08,20:00:00,winter,15.68110909633004,65.86783430831188,0.0,7.7719001134943175,0
2024-01-08,21:00:00,winter,10.981539676832462,59.59859230109805,0.0,8.116250558414395,0
2024-01-08,22:00:00,winter,16.950279182837782,68.84963585638269,0.0,2.3230382185610976,0
2024-01-08,23:00:00,winter,17.018853349411017,62.40997989057657,0.0,2.4921956864246386,0
2024-01-09,00:00:00,winter,18.700305908097924,66.89951199036989,0.0,6.179371793614022,0
2024-01-09,01:00:00,winter,12.986664059552128,69.29927013726252,0.0,3.804071841857758,0
2024-01-09,02:00:00,winter,14.430706677402027,59.88492252010319,0.0,8.896918844783885,0
2024-01-09,03:00:00,winter,8.630317267268628,57.5460932681372,0.0,2.229769651771919,0
2024-01-09,04:00:00,winter,12.111495867670211,52.813105681661355,0.0,6.723784229253855,0
2024-01-09,05:00:00,winter,7.8653760646013735,55.187761369569515,0.0,0.4549469082144675,0
2024-01-09,06:00:00,winter,13.76619084045367,58.03172748077872,0.08764278084859063,4.87817993274512,0
2024-01-09,07:00:00,winter,14.320754329317914,58.96021739979964,0.22916953591486133,2.395346650995039,0
2024-01-09,08:00:00,winter,9.899064859820019,64.87407147226139,0.06901780100720517,0.8553810708669551,0
2024-01-09,09:00:00,winter,15.203008482474047,68.390508334806,0.10117473076648553,9.60278782856532,0
2024-01-09,10:00:00,winter,19.23151600149945,51.433707342581926,0.23937777655837045,3.169408471917856,0
2024-01-09,11:00:00,winter,16.44370140287944,67.75048271417566,0.20893032139800888,4.149162390646689,0
2024-01-09,12:00:00,winter,5.629712465417286,53.86725919249595,0.242583460274602,9.648456884600112,0
2024-01-09,13:00:00,winter,9.361954292618352,47.161620796362406,0.01237533715645499,3.0354682867850133,0
2024-01-09,14:00:00,winter,7.216926861416506,53.336569104054206,0.1669142577170157,3.1349199574106246,0
2024-01-09,15:00:00,winter,12.222878354732964,44.32296674945961,0.10448616803280793,0.3282475665832485,0
2024-01-09,16:00:00,winter,15.759790271711765,66.13355912299559,0.2342091366161393,5.834127956573195,0
2024-01-09,17:00:00,winter,8.922570904906756,66.60482718687064,0.1340980821167166,7.490546510836764,0
2024-01-09,18:00:00,winter,18.905854490008423,68.95911084840562,0.17890089005504498,2.9009959182250644,0
2024-01-09,19:00:00,winter,17.913844051019417,48.90180472357457,0.0,8.881943687957392,0
2024-01-09,20:00:00,winter,8.368388755832097,44.058459785322576,0.0,7.470822313601295,0
2024-01-09,21:00:00,winter,6.226612840574248,69.28767921257753,0.0,1.8030334419290595,0
2024-01-09,22:00:00,winter,19.29127532554331,62.96385841049991,0.0,3.89095636865469,0
2024-01-09,23:00:00,winter,5.683565122214687,46.825385589854235,0.0,2.8484106625886465,0
2024-01-10,00:00:00,winter,6.367542863363042,62.53634814408853,0.0,3.951099657179624,0
2024-01-10,01:00:00,winter,18.563891249912828,65.03500880336338,0.0,3.9536033962937847,0
2024-01-10,02:00:00,winter,9.888601918131414,53.857627747840326,0.0,7.424022427871927,0
2024-01-10,03:00:00,winter,17.981616128695876,63.95431810403149,0.0,0.8806149605847513,0
2024-01-10,04:00:00,winter,8.02945624929519,46.14867082202413,0.0,2.635559510664809,0
2024-01-10,05:00:00,winter,15.159686114398262,64.58942012574836,0.0,7.414914656427792,0
2024-01-10,06:00:00,winter,7.955234099876445,41.12063573942468,0.22627852876777924,6.814890099602463,0
2024-01-10,07:00:00,winter,14.723803486085181,66.7909370850931,0.0799983976274514,4.224702190399034,0
2024-01-10,08:00:00,winter,8.394898636496723,69.4440196193212,0.18913261114233462,7.55356570793583,0
2024-01-10,09:00:00,winter,5.505038757262404,58.76954447036122,0.042338017672823226,4.988591057801639,0
2024-01-10,10:00:00,winter,8.660904907317873,66.51233813323164,0.03303914409557439,6.4984352071129345,0
2024-01-10,11:00:00,winter,19.817398130664902,59.777922731326385,0.08279646458959557,3.909028207985817,0
2024-01-10,12:00:00,winter,13.843604979147313,61.152229879712394,0.24280585305726804,0.6981184390463202,0
2024-01-10,13:00:00,winter,6.5664461801065155,65.83756792298442,0.24387599659665335,9.132287408163407,0
2024-01-10,14:00:00,winter,16.39153595086443,53.81411615375431,0.2707478818940134,7.235965870672597,0
2024-01-10,15:00:00,winter,9.372198608107292,48.093897295783506,0.05504805049603007,5.6877303796510725,0
2024-01-10,16:00:00,winter,16.53042095596258,67.55771722022072,0.18732476886362182,9.68414648388155,0
2024-01-10,17:00:00,winter,19.673655645261583,53.37462523942699,0.18903605349291544,3.7457908308550136,0
2024-01-10,18:00:00,winter,14.847785726112166,55.78457803048349,0.08198825641235216,5.130576829018297,0
2024-01-10,19:00:00,winter,10.760814546515967,45.86130167035729,0.0,1.526780363778819,0
2024-01-10,20:00:00,winter,16.865685143925035,67.73489833385203,0.0,8.610282722079367,0
2024-01-10,21:00:00,winter,13.01235241816506,48.450773863340416,0.0,6.9250616685074196,0
2024-01-10,22:00:00,winter,7.699417073417854,68.55497940692345,0.0,3.9982452033680635,0
2024-01-10,23:00:00,winter,8.19411239566172,54.25004446484437,0.0,5.01549241107977,0
2024-01-11,00:00:00,winter,12.16200938547357,64.17118689979345,0.0,5.488414091812591,0
2024-01-11,01:00:00,winter,8.018540659507428,46.98461250798303,0.0,3.1256807581594934,0
2024-01-11,02:00:00,winter,13.617429627525187,66.19810386862062,0.0,4.775053022004535,0
2024-01-11,03:00:00,winter,16.119041693745537,41.45482402201265,0.0,2.709561919515937,0
2024-01-11,04:00:00,winter,5.8683558309165464,65.79076364941615,0.0,6.798618469832483,0
2024-01-11,05:00:00,winter,5.863120206574336,57.039433372113805,0.0,3.7855776673500174,0
2024-01-11,06:00:00,winter,8.476182779083564,50.71252741489209,0.0529680637529078,5.1741587704843415,0
2024-01-11,07:00:00,winter,5.609990797179186,54.40666187561789,0.0036110837512438486,5.986769368412041,0
2024-01-11,08:00:00,winter,5.009773412213027,50.90583943547462,0.17542241275656073,6.003571282418259,0
2024-01-11,09:00:00,winter,6.515229335742012,68.04480156189072,0.19272157061363757,5.538276287215133,0
2024-01-11,10:00:00,winter,5.0741490853715385,67.95169098650668,0.20130740599877406,3.659395505855599,0
2024-01-11,11:00:00,winter,11.98822935112879,65.82204711724559,0.15929953274626546,2.887809372213399,0
2024-01-11,12:00:00,winter,15.04025493361309,48.49389993936353,0.09979940424286644,9.895379937812665,0
2024-01-11,13:00:00,winter,10.321109538620032,65.58014885198355,0.2753044260239363,9.73926704353466,0
2024-01-11,14:00:00,winter,5.597125029228305,41.31408241034108,0.15114631842780465,8.238449562857756,0
2024-01-11,15:00:00,winter,17.00330955882126,48.46940663832429,0.2172468692764608,7.312222846091306,0
2024-01-11,16:00:00,winter,18.66311689785593,53.97808802160095,0.00527928492615688,4.504045328630949,0
2024-01-11,17:00:00,winter,6.634965176186913,69.3865250746763,0.0723088738778765,1.1812961544344902,0
2024-01-11,18:00:00,winter,17.07730616598431,58.15154590185725,0.1376810228947753,6.474491445942174,0
2024-01-11,19:00:00,winter,5.464927702809173,48.24514153449105,0.0,9.495228882422428,0
2024-01-11,20:00:00,winter,16.445823379033953,66.99291471521529,0.0,4.648017260337731,0
2024-01-11,21:00:00,winter,8.310227609592532,68.84229997333168,0.0,7.35160942782109,0
2024-01-11,22:00:00,winter,5.116081620169768,43.06837901590977,0.0,4.164912131830718,0
2024-01-11,23:00:00,winter,14.930242681688636,60.52653481011032,0.0,0.8625582367195317,0
2024-01-12,00:00:00,winter,12.317820949861517,67.51303146240282,0.0,2.638927496118061,0
2024-01-12,01:00:00,winter,7.8005433849150005,44.547591202997964,0.0,5.082648863896707,0
2024-01-12,02:00:00,winter,18.230475988448248,51.65727539572791,0.0,4.732152488163793,0
2024-01-12,03:00:00,winter,9.191121994984986,51.18570043047057,0.0,8.65816051821309,0
2024-01-12,04:00:00,winter,15.96819426901132,57.166446513119546,0.0,7.1704184697845825,0
2024-01-12,05:00:00,winter,5.16375434240971,57.73471800274092,0.0,7.315095795729199,0
2024-01-12,06:00:00,winter,15.556280416173475,56.36584566957673,0.2554655980598746,7.34261626801028,0
2024-01-12,07:00:00,winter,8.893008762393292,40.99436256109079,0.25725796861656736,4.829815172642081,0
2024-01-12,08:00:00,winter,14.633210216405764,64.29017128048913,0.12674384265364216,1.0832888197413382,0
2024-01-12,09:00:00,winter,18.637101275572764,46.73242279083561,0.18129497116463678,2.89392412299493,0
2024-01-12,10:00:00,winter,14.36635299217697,66.2319760041625,0.1727056875688609,7.637911314523508,0
2024-01-12,11:00:00,winter,9.48779933763948,44.276590631173725,0.14758676867797277,2.6622717335617296,0
2024-01-12,12:00:00,winter,8.517732371425378,65.139190420745,0.23468869333841746,8.119898286744512,0
2024-01-12,13:00:00,winter,11.445524380772824,52.972462957860905,0.06846893237182922,3.0534492473305885,0
2024-01-12,14:00:00,winter,14.853002405908734,53.18115627412344,0.2491256342577358,9.534505765916757,0
2024-01-12,15:00:00,winter,11.338058546584275,50.03471601441298,0.2920665222976925,1.9463051361366546,0
2024-01-12,16:00:00,winter,15.093786115883855,60.83913190188721,0.12356257153109135,5.783341801395262,0
2024-01-12,17:00:00,winter,8.044154312114099,41.723780726627986,0.07626381614411777,6.2474456629558786,0
2024-01-12,18:00:00,winter,8.986353165196487,69.29887994028951,0.07829313735702001,9.240244211556043,0
2024-01-12,19:00:00,winter,8.875774913732599,42.50503174293826,0.0,0.10905643725572567,0
2024-01-12,20:00:00,winter,10.364952171877235,59.22713937348591,0.0,0.5830799390680252,0
2024-01-12,21:00:00,winter,7.517071398698102,59.17313530173113,0.0,8.050867283235082,0
2024-01-12,22:00:00,winter,9.056086699070681,43.85581112289521,0.0,5.855680954344726,0
2024-01-12,23:00:00,winter,14.218009308319552,60.19674987551732,0.0,2.460846883073696,0
2024-01-13,00:00:00,winter,16.495949801125505,46.00381318053291,0.0,4.418605509361578,0
2024-01-13,01:00:00,winter,10.566046052087529,66.89814511594757,0.0,6.876954389301872,0
2024-01-13,02:00:00,winter,11.685232382997324,47.160469001087996,0.0,9.992539004518871,0
2024-01-13,03:00:00,winter,6.293242031918044,48.09228759102933,0.0,8.889215858898305,0
2024-01-13,04:00:00,winter,16.62472645383828,58.753207377459596,0.0,0.5703430669189691,0
2024-01-13,05:00:00,winter,8.451700294222967,46.41431238350651,0.0,0.40505535604983045,0
2024-01-13,06:00:00,winter,11.048121494294612,56.31638510836161,0.26108546895746804,1.3706943280651152,0
2024-01-13,07:00:00,winter,11.603650339061112,69.36151151598973,0.27464380798956256,6.358059231849999,0
2024-01-13,08:00:00,winter,12.796875428605954,49.091054054920676,0.23325033774776466,8.472415619764188,0
2024-01-13,09:00:00,winter,10.729734513364233,62.293908562203434,0.24879561840649841,6.859865902756507,0
2024-01-13,10:00:00,winter,15.837469636607521,64.4095745525119,0.07093066630462862,6.1925439471573664,0
2024-01-13,11:00:00,winter,19.62467838276237,56.91763998236219,0.12856960572328607,6.975841460119661,0
2024-01-13,12:00:00,winter,18.432602230776247,57.59484935911405,0.2559242550268753,4.777340591079703,0
2024-01-13,13:00:00,winter,16.712019220896096,47.68708202000251,0.29461570750900906,0.5220789070491239,0
2024-01-13,14:00:00,winter,15.08951503296631,67.7292027179262,0.051086721502943765,9.152814299921364,0
2024-01-13,15:00:00,winter,10.769992170031543,60.721285214796225,0.12647746875162702,6.363626199254279,0
2024-01-13,16:00:00,winter,16.398200130917658,42.77923008344443,0.15347745431170348,1.714832719475099,0
2024-01-13,17:00:00,winter,17.963036923966964,44.53253515318563,0.29203801980388233,1.0924769674797197,0
2024-01-13,18:00:00,winter,13.79727690580327,68.62708833622384,0.025916988298159627,5.344701495572206,0
2024-01-13,19:00:00,winter,10.6121047534182,66.45140747164339,0.0,3.365528855303946,0
2024-01-13,20:00:00,winter,12.435212596461424,58.620018062704126,0.0,7.199657567303771,0
2024-01-13,21:00:00,winter,7.698056522973018,44.1741673016637,0.0,8.303314959737682,0
2024-01-13,22:00:00,winter,5.523085774170124,47.33204080614724,0.0,0.8782797590140534,0
2024-01-13,23:00:00,winter,15.202209389143595,66.74889025427504,0.0,8.973311673617513,0
2024-01-14,00:00:00,winter,5.5990061405750176,53.716425099176426,0.0,2.3650896829281898,0
2024-01-14,01:00:00,winter,10.864634073155969,53.75378755119652,0.0,2.4093805807884214,0
2024-01-14,02:00:00,winter,6.755796407929967,46.364731769090376,0.0,3.305466739232499,0
2024-01-14,03:00:00,winter,14.880508360613481,68.26897737489116,0.0,8.227577068904367,0
2024-01-14,04:00:00,winter,12.870605189466502,53.426663829935436,0.0,6.826046831290341,0
2024-01-14,05:00:00,winter,5.963222728656527,57.19232800429637,0.0,2.1491353477602093,0
2024-01-14,06:00:00,winter,11.682004607578923,53.52420895627454,0.11603610490321287,5.502811370742235,0
2024-01-14,07:00:00,winter,15.84915798861524,45.38274933460413,0.18088521963541723,9.476096219094524,0
2024-01-14,08:00:00,winter,9.222571713833734,49.88637522622813,0.06889941135022627,5.714631461046682,0
2024-01-14,09:00:00,winter,12.693766165147515,69.93570951978528,0.06976861815404645,9.342481140136996,0
2024-01-14,10:00:00,winter,16.400961106748024,64.32256698175917,0.23676588202548143,4.674217579491819,0
2024-01-14,11:00:00,winter,7.977066979802653,41.936654616934426,0.18345377178421937,5.991581864417428,0
2024-01-14,12:00:00,winter,14.717756485539038,44.131152667540164,0.01524213596622731,3.9603334093937628,0
2024-01-14,13:00:00,winter,10.700401686864602,42.04495732069661,0.12106251983109596,2.357511795975195,0
2024-01-14,14:00:00,winter,8.127365385656809,51.91306621459365,0.10902885285605528,3.762199466374417,0
2024-01-14,15:00:00,winter,13.748848780004264,40.526703247958594,0.24526657574925556,8.744831503755552,0
2024-01-14,16:00:00,winter,19.266800544442646,64.76605731071993,0.22233966055954274,1.4585785455524092,0
2024-01-14,17:00:00,winter,10.264612467465463,45.84536038356211,0.20425485916560054,7.7689093485934055,0
2024-01-14,18:00:00,winter,10.317742387339445,63.84986722739231,0.2377673033926119,2.7495609084575934,0
2024-01-14,19:00:00,winter,5.215933699833128,45.21187039918419,0.0,1.0186356315258616,0
2024-01-14,20:00:00,winter,18.011203382558378,58.900340848399416,0.0,3.3087128727204282,0
2024-01-14,21:00:00,winter,19.544067581684864,47.22296078180599,0.0,6.104598582603646,0
2024-01-14,22:00:00,winter,15.406434918027049,41.60126630276272,0.0,8.68152982335749,0
2024-01-14,23:00:00,winter,7.531513576904455,61.972789747417366,0.0,0.11251537682638757,0
2024-01-15,00:00:00,winter,16.671660378985557,40.41278688845312,0.0,4.774570572706636,0
2024-01-15,01:00:00,winter,7.774481919553303,56.5803026280734,0.0,5.136102557055011,0
2024-01-15,02:00:00,winter,11.643355124199779,66.00381648150201,0.0,2.7650425719808727,0
2024-01-15,03:00:00,winter,16.7472206521447,52.518195116602946,0.0,6.263758198633339,0
2024-01-15,04:00:00,winter,16.139290505661798,69.0481048762455,0.0,8.607509707983716,0
2024-01-15,05:00:00,winter,17.777228606241152,42.57972584144776,0.0,6.478191777669312,0
2024-01-15,06:00:00,winter,13.573448057184835,40.128180741293974,0.0536436889436517,2.6055118933675283,0
2024-01-15,07:00:00,winter,9.932882959530765,50.41637101300835,0.2546775908091316,7.485906874914835,0
2024-01-15,08:00:00,winter,9.086945898124078,58.91657522596192,0.025372464995286857,8.017648770361392,0
2024-01-15,09:00:00,winter,16.997076885389664,47.44303085477821,0.05007434636297587,8.512053466128648,0
2024-01-15,10:00:00,winter,5.162487658924269,61.58627188617132,0.22433998665792532,5.790750406891592,0
2024-01-15,11:00:00,winter,7.027285786179897,68.84551057307996,0.11489759605527422,4.676313789503617,0
2024-01-15,12:00:00,winter,13.325743571756343,45.367654682804584,0.23952961247815688,3.3345021744922843,0
2024-01-15,13:00:00,winter,19.67926275212548,41.69602735895852,0.29209180836192983,3.421983361266272,0
2024-01-15,14:00:00,winter,11.057264618229752,68.5186388926697,0.1489778853591284,7.574100594842008,0
2024-01-15,15:00:00,winter,12.524399797549604,56.13389128713693,0.1533051040819775,3.4914409486547724,0
2024-01-15,16:00:00,winter,13.585967112973261,51.21866607902685,0.13366299520199185,0.3844941970809279,0
2024-01-15,17:00:00,winter,12.104618691257441,49.227697779609066,0.13780578569667132,1.4368289260259959,0
2024-01-15,18:00:00,winter,5.848540559107093,57.884587925363405,0.05066207306291881,9.247979067636148,0
2024-01-15,19:00:00,winter,14.071288430147085,68.48931473194969,0.0,0.5749916542601541,0
2024-01-15,20:00:00,winter,9.440525667565883,68.29180517714362,0.0,6.419826079333186,0
2024-01-15,21:00:00,winter,18.307125775868506,64.68709582312096,0.0,6.917894180889252,0
2024-01-15,22:00:00,winter,19.503546440234114,57.254742827656045,0.0,6.600262817709841,0
2024-01-15,23:00:00,winter,10.668776197288999,57.82463399640197,0.0,9.634998917600583,0
2024-01-16,00:00:00,winter,14.407807277421304,65.01878510060737,0.0,0.5476751789292356,0
2024-01-16,01:00:00,winter,10.209507628610693,44.81641450834976,0.0,6.264537325877671,0
2024-01-16,02:00:00,winter,11.825564610886783,54.69979737906428,0.0,0.29385532169083795,0
2024-01-16,03:00:00,winter,18.992856130738275,63.78695824600753,0.0,7.72264763600465,0
2024-01-16,04:00:00,winter,6.051260117544324,42.19871257427696,0.0,9.669177323564552,0
2024-01-16,05:00:00,winter,10.98471645887381,66.08893113563138,0.0,6.877691599239215,0
2024-01-16,06:00:00,winter,15.371925537566371,52.42498593457897,0.07127844889209918,9.88641745792473,0
2024-01-16,07:00:00,winter,11.639541741294252,62.60241815943425,0.1861577579822791,7.161270219652932,0
2024-01-16,08:00:00,winter,16.546328693209688,64.66420074754754,0.08701758594465461,0.31829693347453003,0
2024-01-16,09:00:00,winter,7.610501768319543,52.80376238426693,0.0062644334274454035,7.933618550702832,0
2024-01-16,10:00:00,winter,17.078072457844517,59.12298213550231,0.21156320516450944,1.3635127165005057,0
2024-01-16,11:00:00,winter,6.729958824937816,56.659700343460784,0.0072908741513363455,9.307696205591617,0
2024-01-16,12:00:00,winter,14.876282164258063,69.31835121734127,0.07398991609845303,1.2796327108600247,0
2024-01-16,13:00:00,winter,10.333481326911244,47.572231298585535,0.06226772005157861,2.801171199944105,0
2024-01-16,14:00:00,winter,19.920771382152843,54.19099008886603,0.18884019598451057,3.983940763002919,0
2024-01-16,15:00:00,winter,11.55334678809082,57.861533468791514,0.04150334887764932,6.785842370929767,0
2024-01-16,16:00:00,winter,15.09333649968881,42.75004235354473,0.09392553315725309,6.2902711834542515,0
2024-01-16,17:00:00,winter,13.524292455919552,61.83583311951655,0.1054899332160473,1.2332216357518688,0
2024-01-16,18:00:00,winter,8.15021076024386,55.5647450734822,0.24026379150571772,7.96059747646442,0
2024-01-16,19:00:00,winter,6.191322498824349,59.10552288201309,0.0,3.749677296740285,0
2024-01-16,20:00:00,winter,11.948022441088415,52.83088394134261,0.0,0.7336151527329282,0
2024-01-16,21:00:00,winter,8.31799600904225,56.56779672397421,0.0,7.356643772169607,0
2024-01-16,22:00:00,winter,8.591722205351612,63.74502637567048,0.0,8.604145165346786,0
2024-01-16,23:00:00,winter,16.837750865546454,40.50865687930807,0.0,4.735027920678146,0
2024-01-17,00:00:00,winter,8.206652689712513,57.37108752588789,0.0,8.76644246713849,0
2024-01-17,01:00:00,winter,16.506324254304722,49.53472948877006,0.0,8.980478149521806,0
2024-01-17,02:00:00,winter,8.595524115312013,54.53584409619444,0.0,4.914913730715192,0
2024-01-17,03:00:00,winter,15.600632171581285,60.874951134006935,0.0,3.7812953249076866,0
2024-01-17,04:00:00,winter,12.064603669742167,43.29080170024345,0.0,6.046985904336864,0
2024-01-17,05:00:00,winter,12.56203919035903,41.0708525969815,0.0,0.8065033898238017,0
2024-01-17,06:00:00,winter,9.70156600177727,66.1667711079876,0.09312441600111215,8.098776338586921,0
2024-01-17,07:00:00,winter,15.356551475789077,65.8319610490096,0.2378793443654734,4.3300568982755525,0
2024-01-17,08:00:00,winter,11.302423873656394,58.20499516839517,0.11073151667518107,8.04790670906421,0
2024-01-17,09:00:00,winter,10.924344106279918,43.23332317670894,0.16731168066993948,9.709568495654109,0
2024-01-17,10:00:00,winter,14.12294821237043,64.03208125335414,0.060121829134495104,9.267204859252061,0
2024-01-17,11:00:00,winter,12.034443385612406,49.501391629523866,0.1618129317409351,7.191054789070054,0
2024-01-17,12:00:00,winter,17.35635142939109,49.69402477076599,0.2688439341990123,8.861139587384459,0
2024-01-17,13:00:00,winter,6.136911917751817,47.59017425372548,0.08012488625532732,3.839953452530694,0
2024-01-17,14:00:00,winter,16.259428753536888,69.41821276656006,0.19823937310124085,8.094048570944647,0
2024-01-17,15:00:00,winter,11.439082253904672,60.94075324060569,0.08586337553369063,6.769996655260844,0
2024-01-17,16:00:00,winter,18.777636886153253,68.68353050102148,0.03742051203148259,4.829096492593742,0
2024-01-17,17:00:00,winter,17.280223891506388,57.64754160098808,0.029374767212308837,2.063716183955764,0
2024-01-17,18:00:00,winter,5.736329842703126,59.10826486764208,0.15204342445111008,9.4157483115875,0
2024-01-17,19:00:00,winter,15.98294319441694,64.29619929302861,0.0,6.16001054972374,0
2024-01-17,20:00:00,winter,13.36352478515002,69.1629962193669,0.0,2.119110688570134,0
2024-01-17,21:00:00,winter,16.884273598117268,59.08553712735681,0.0,4.140259183342641,0
2024-01-17,22:00:00,winter,10.28625122061133,68.59401483641768,0.0,6.071963921909393,0
2024-01-17,23:00:00,winter,9.06936961552671,48.37938878707067,0.0,9.050237698076238,0
2024-01-18,00:00:00,winter,12.889982548533329,69.85882590082508,0.0,0.6086339954915743,0
2024-01-18,01:00:00,winter,7.721003757300029,59.05815759017838,0.0,0.04112483030564995,0
2024-01-18,02:00:00,winter,10.817279956729909,42.92219700039386,0.0,3.7496015936893965,0
2024-01-18,03:00:00,winter,8.034631438555754,56.23173157163157,0.0,2.8041316618764,0
2024-01-18,04:00:00,winter,13.272510216352943,54.921207244812,0.0,6.726632456390805,0
2024-01-18,05:00:00,winter,12.485094912991373,57.573922611131984,0.0,5.908160341665958,0
2024-01-18,06:00:00,winter,6.360913463143618,41.721021608593794,0.023235551544565223,1.8625907402993391,0
2024-01-18,07:00:00,winter,18.11077646420751,68.63535777948015,0.00412324392580462,9.595765504052453,0
2024-01-18,08:00:00,winter,18.560212324471955,55.00924338805033,0.13122415273119184,5.772657028357062,0
2024-01-18,09:00:00,winter,18.631639474885908,58.615951060811575,0.2844348256025242,7.472303305569956,0
2024-01-18,10:00:00,winter,11.62132003127434,42.41597618833464,0.17388343808957427,5.987875820506377,0
2024-01-18,11:00:00,winter,17.672988206308144,48.10965272251177,0.23030788894687226,4.659708715663934,0
2024-01-18,12:00:00,winter,5.33776825132378,41.09083808859106,0.20203798794359937,5.537382602960015,0
2024-01-18,13:00:00,winter,16.76240759260698,68.80927418646101,0.09800514097946869,3.3097145747837775,0
2024-01-18,14:00:00,winter,18.27112049390651,55.95890530582848,0.1662213323165709,8.796458622491272,0
2024-01-18,15:00:00,winter,15.87546868774446,48.83025035753296,0.22274642311174736,2.2578537436913115,0
2024-01-18,16:00:00,winter,13.156320200265348,51.84290314467357,0.05778331870912464,8.995508219173637,0
2024-01-18,17:00:00,winter,16.484414230759377,46.683979042579836,0.2685623640884287,7.579976949687529,0
2024-01-18,18:00:00,winter,12.24534290830173,68.32433012460046,0.06438860352881991,3.590957948451102,0
2024-01-18,19:00:00,winter,16.936373841669713,64.59633754560762,0.0,1.6073189095913043,0
2024-01-18,20:00:00,winter,14.723177092048315,66.60976112232757,0.0,1.4181401766000967,0
2024-01-18,21:00:00,winter,16.2156661021213,59.68503580536416,0.0,9.948748841133366,0
2024-01-18,22:00:00,winter,17.426871571421614,40.15067557039458,0.0,3.82435355322852,0
2024-01-18,23:00:00,winter,10.11361638668895,54.82526974592488,0.0,6.998409308896536,0
2024-01-19,00:00:00,winter,9.07537973962366,41.768477255087305,0.0,6.748628219146906,0
2024-01-19,01:00:00,winter,10.258468669971435,62.745585041372465,0.0,5.01178292297915,0
2024-01-19,02:00:00,winter,9.277009383450562,60.44388048352808,0.0,9.663693575935117,0
2024-01-19,03:00:00,winter,8.648992258530843,57.07665618264739,0.0,3.732038320693065,0
2024-01-19,04:00:00,winter,11.317535094959732,62.33240621782146,0.0,2.8031805913089602,0
2024-01-19,05:00:00,winter,10.784323654296568,60.07867973278927,0.0,1.0094018049217424,0
2024-01-19,06:00:00,winter,14.799812337331769,60.86016637479197,0.1650327390603616,2.364770420446276,0
2024-01-19,07:00:00,winter,9.696457376981977,42.09527728601524,0.05696267433376416,5.824732584752871,0
2024-01-19,08:00:00,winter,12.762652738919392,58.58693571294924,0.25417418738542613,5.071793984370658,0
2024-01-19,09:00:00,winter,14.41400006586387,58.06128396227634,0.1604274972859652,5.8092673585303825,0
2024-01-19,10:00:00,winter,19.72448102837651,48.05408103586426,0.2612574972802738,1.5167506838559408,0
2024-01-19,11:00:00,winter,8.248964304663161,59.469419733408955,0.2616938560834677,5.598537911775647,0
2024-01-19,12:00:00,winter,15.439350878962157,51.48061790418511,0.05200280463053508,8.473838308886974,0
2024-01-19,13:00:00,winter,12.018082981042681,60.44283527308157,0.12441536719469563,2.225298668592206,0
2024-01-19,14:00:00,winter,5.14714348746593,46.6872189746213,0.1727186548734635,8.142020016331283,0
2024-01-19,15:00:00,winter,10.451580333993249,65.48137585758646,0.045530964965077254,4.565975178361764,0
2024-01-19,16:00:00,winter,10.727549758602208,41.572883198124615,0.06306144866822609,2.6888814347947267,0
2024-01-19,17:00:00,winter,15.398869962302005,40.270728818446926,0.05631895412045925,4.372306464340928,0
2024-01-19,18:00:00,winter,11.035159400001685,62.38624587949871,0.07931387866282287,8.135259196610754,0
2024-01-19,19:00:00,winter,12.061759583436286,68.9768825816536,0.0,1.9464360625663957,0
2024-01-19,20:00:00,winter,6.35098959183836,64.14488015215173,0.0,1.4388125836952015,0
2024-01-19,21:00:00,winter,19.14720373635193,60.796191536662235,0.0,0.9827038511911512,0
2024-01-19,22:00:00,winter,8.302664928891778,56.24178720535027,0.0,8.50758297397054,0
2024-01-19,23:00:00,winter,8.374775005516478,63.58396188270871,0.0,4.516656296359434,0
2024-01-20,00:00:00,winter,8.85908811594406,51.30530428411866,0.0,5.498553151231578,0
2024-01-20,01:00:00,winter,13.205569982218544,51.62223325029859,0.0,5.370188384974872,0
2024-01-20,02:00:00,winter,7.190125190691387,68.82193663492635,0.0,5.987612505815203,0
2024-01-20,03:00:00,winter,16.74219979370087,40.89932728544095,0.0,9.640082601569818,0
2024-01-20,04:00:00,winter,5.970340445549753,46.824029395793104,0.0,3.0113124373598588,0
2024-01-20,05:00:00,winter,12.779908531059935,43.09899989462997,0.0,9.80122865621316,0
2024-01-20,06:00:00,winter,19.430915045274155,53.11382777423129,0.08794525276242655,4.833773275274674,0
2024-01-20,07:00:00,winter,19.042866609118054,58.38124064116854,0.23196730334769955,6.530657766958185,0
2024-01-20,08:00:00,winter,6.177424082423896,66.33522895281968,0.2037559416014457,7.759220947416692,0
2024-01-20,09:00:00,winter,7.47517280798551,62.56034467032946,0.2824835352250567,8.721040832563878,0
2024-01-20,10:00:00,winter,17.673794105635842,59.817144430581294,0.2076870152662417,1.0724637751663346,0
2024-01-20,11:00:00,winter,18.59402144231516,57.23964667852094,0.12276024277552049,1.3180100249060467,0
2024-01-20,12:00:00,winter,10.168553526990333,59.855179237386345,0.2570774932573132,7.536497779401455,0
2024-01-20,13:00:00,winter,6.875333658215052,57.76995900192092,0.09722730137980347,8.614103911786291,0
2024-01-20,14:00:00,winter,8.524878525458623,58.13714234018602,0.27912691036812387,6.99889496134118,0
2024-01-20,15:00:00,winter,8.633839709284828,56.7309306890305,0.12475286430092902,5.536497894099542,0
2024-01-20,16:00:00,winter,13.021011994876002,63.65275293944322,0.008396929619736005,9.66304351833034,0
2024-01-20,17:00:00,winter,7.965546395070737,40.906870105979245,0.1936587006776752,4.609396918977701,0
2024-01-20,18:00:00,winter,17.679872426709466,59.87805531675623,0.006420999757593871,8.967024347492792,0
2024-01-20,19:00:00,winter,12.391793837554797,41.140718080548965,0.0,9.837529342430797,0
2024-01-20,20:00:00,winter,13.343932864465138,63.63782787739359,0.0,2.676480049247708,0
2024-01-20,21:00:00,winter,14.44197702645762,65.64264515121366,0.0,0.08632439742179643,0
2024-01-20,22:00:00,winter,13.391601127585627,61.128133654934125,0.0,8.181734546073796,0
2024-01-20,23:00:00,winter,11.360415446327387,67.67961514579895,0.0,4.301512655098566,0
2024-01-21,00:00:00,winter,5.701418886016055,47.757361364129835,0.0,2.0337392162050594,0
2024-01-21,01:00:00,winter,9.31634927557469,55.48051136798159,0.0,6.160233274328996,0
2024-01-21,02:00:00,winter,8.338215480770277,64.81247184233213,0.0,7.730071886087178,0
2024-01-21,03:00:00,winter,11.24928928064375,55.97824339268769,0.0,8.531844636496318,0
2024-01-21,04:00:00,winter,6.512035448749746,45.284528064169805,0.0,3.928952367117027,0
2024-01-21,05:00:00,winter,8.745244011630326,57.744137671588646,0.0,5.06774205137968,0
2024-01-21,06:00:00,winter,6.773641639089387,49.59821775764625,0.018318139213721184,4.5311554280949125,0
2024-01-21,07:00:00,winter,9.828991908360644,62.81401244197525,0.14508490779313216,7.306167154343387,0
2024-01-21,08:00:00,winter,7.217180266197077,45.40428635723903,0.2150559007082685,8.694352726729829,0
2024-01-21,09:00:00,winter,12.665399508856124,63.644250665420586,0.014170826831231886,3.369624916937984,0
2024-01-21,10:00:00,winter,18.212798765877444,67.20679826661423,0.24776865226372796,8.029178280682874,0
2024-01-21,11:00:00,winter,11.099785352164995,55.56229526624698,0.03502358025440638,0.5739929525514031,0
2024-01-21,12:00:00,winter,8.90429638257842,68.12187117213331,0.17224076852307263,8.22110460909699,0
2024-01-21,13:00:00,winter,12.866427868372533,49.53734474930906,0.0961207383759363,0.47592606706593044,0
2024-01-21,14:00:00,winter,17.47994896089086,56.787537318460615,0.04373994140730179,6.055289134017864,0
2024-01-21,15:00:00,winter,7.723306983768379,47.405336315207784,0.0533797093653084,7.557503346864742,0
2024-01-21,16:00:00,winter,19.140312785139493,65.22138382714725,0.08595504353415843,0.8643517466898576,0
2024-01-21,17:00:00,winter,18.638118354543828,54.31651675548904,0.23169169550124524,3.057298413991357,0
2024-01-21,18:00:00,winter,17.67196967133617,40.48128054193917,0.092108873420322,8.354201360429482,0
2024-01-21,19:00:00,winter,10.982559261733396,54.23142638846136,0.0,2.6550745759823204,0
2024-01-21,20:00:00,winter,15.273985477454517,69.20894696309078,0.0,5.762283824163755,0
2024-01-21,21:00:00,winter,19.6259459169411,48.52381377290838,0.0,7.299194507004558,0
2024-01-21,22:00:00,winter,9.032452250787134,63.924341765058486,0.0,7.582301730339648,0
2024-01-21,23:00:00,winter,15.966877087932513,58.48843432716109,0.0,6.464831773131906,0
2024-01-22,00:00:00,winter,12.300427155398076,52.229617810963546,0.0,0.6324262531919034,0
2024-01-22,01:00:00,winter,9.492546251976318,61.47665758508849,0.0,8.956277348638121,0
2024-01-22,02:00:00,winter,14.479339679960502,44.06148831112417,0.0,6.069232355621409,0
2024-01-22,03:00:00,winter,16.62040355735432,53.929137206744834,0.0,9.085334795772086,0
2024-01-22,04:00:00,winter,13.18490839640616,60.67548529278548,0.0,9.684949437977027,0
2024-01-22,05:00:00,winter,14.449835583002045,57.337136800229985,0.0,4.549872827454571,0
2024-01-22,06:00:00,winter,5.948343146940323,66.21707212837453,0.27320989844035054,6.752031396331233,0
2024-01-22,07:00:00,winter,8.040919261451297,59.02619465793794,0.11535668695079843,2.239601482837995,0
2024-01-22,08:00:00,winter,7.124484192627003,69.1140386252307,0.10506976073421297,7.6727887703521604,0
2024-01-22,09:00:00,winter,18.39830912113691,67.96518896685929,0.05278847816034179,2.545294275582861,0
2024-01-22,10:00:00,winter,17.453458881114557,61.49333719220034,0.06113033904101945,2.642199926644644,0
2024-01-22,11:00:00,winter,12.724824867752545,51.254694695916825,0.13892693747341572,1.7905714069179446,0
2024-01-22,12:00:00,winter,11.471543244285977,50.97808915577664,0.2275146975384489,0.5790686820806856,0
2024-01-22,13:00:00,winter,11.951925642070005,61.90562056508432,0.2355108628892709,4.700557788498444,0
2024-01-22,14:00:00,winter,12.645502728590273,41.650975129337176,0.21446204635940358,4.417059312861405,0
2024-01-22,15:00:00,winter,8.994102064244007,56.575450544818054,0.050573663730190684,8.947161039239028,0
2024-01-22,16:00:00,winter,12.93377115381719,63.29358297930207,0.19849641433766524,2.832366904863537,0
2024-01-22,17:00:00,winter,5.523313017435047,67.0382126791314,0.25488808007839076,4.158707317652809,0
2024-01-22,18:00:00,winter,18.60534492187323,59.64460211513092,0.29749720624482306,1.1894924297982978,0
2024-01-22,19:00:00,winter,7.914063750181457,54.636025726185906,0.0,7.436445389731574,0
2024-01-22,20:00:00,winter,19.372448239923337,67.02134180773784,0.0,9.068681098328558,0
2024-01-22,21:00:00,winter,14.345419153511349,48.07036141437514,0.0,4.385506800059798,0
2024-01-22,22:00:00,winter,19.05876680753076,65.35471439371723,0.0,9.81847733524634,0
2024-01-22,23:00:00,winter,10.053379996266326,67.71211169683451,0.0,3.7024426300245805,0
2024-01-23,00:00:00,winter,12.430234822605971,60.65083819816637,0.0,9.366773647957137,0
2024-01-23,01:00:00,winter,12.590171046693513,59.01838130101046,0.0,8.861458166246523,0
2024-01-23,02:00:00,winter,5.249265939690622,46.25835527615015,0.0,5.816810214459501,0
2024-01-23,03:00:00,winter,18.91616582646192,59.527420547321455,0.0,8.382331136553256,0
2024-01-23,04:00:00,winter,6.038007679709837,62.81372113147811,0.0,4.903393539483027,0
2024-01-23,05:00:00,winter,10.042877603195642,67.90682501698882,0.0,6.3306660753284465,0
2024-01-23,06:00:00,winter,6.421682457243817,69.4604437367589,0.11494977428739402,9.91274872830489,0
2024-01-23,07:00:00,winter,18.75439542015394,60.111401775316025,0.11724461484278279,3.2090241911123343,0
2024-01-23,08:00:00,winter,5.1641840259211405,43.219477074448925,0.04840399852085392,7.2236066739015925,0
2024-01-23,09:00:00,winter,9.641610405627095,50.80613122023892,0.10366880553702404,7.880054584387813,0
2024-01-23,10:00:00,winter,19.057896394550355,67.46769434615126,0.26141368360748024,3.834002128526486,0
2024-01-23,11:00:00,winter,15.915953961872159,65.64654722018577,0.24851886754106528,9.62605560514254,0
2024-01-23,12:00:00,winter,8.352834443244458,42.49543840204534,0.17615008810762553,3.5070934245338634,0
2024-01-23,13:00:00,winter,10.229429184789119,55.3420425121468,0.000797654635977818,5.918428168406637,0
2024-01-23,14:00:00,winter,19.152445786571292,53.553623112749406,0.10102487920611933,1.9360028738932167,0
2024-01-23,15:00:00,winter,16.8169762040306,55.33205132744027,0.040572084112767456,0.24122191872882004,0
2024-01-23,16:00:00,winter,11.080538128833044,55.97497737357262,0.2518043021878667,3.189540331632863,0
2024-01-23,17:00:00,winter,11.369751412427659,43.78874102715421,0.20840505046829802,5.028950026396213,0
2024-01-23,18:00:00,winter,17.485363077842145,66.334374007487,0.28477161004033963,3.3082989234713334,0
2024-01-23,19:00:00,winter,17.737925098463066,60.103129618905065,0.0,5.675949296419472,0
2024-01-23,20:00:00,winter,5.034782771666221,40.0111008254158,0.0,7.985545593911917,0
2024-01-23,21:00:00,winter,14.40201802517771,44.36403520414757,0.0,5.786038489951396,0
2024-01-23,22:00:00,winter,19.212537615263415,67.8960889065695,0.0,0.08174842128220394,0
2024-01-23,23:00:00,winter,17.552308075736057,56.85180873259181,0.0,5.1857174641326385,0
2024-01-24,00:00:00,winter,19.94983838226687,69.08350328895803,0.0,8.614958588368758,0
2024-01-24,01:00:00,winter,11.470260242021016,58.90416700935721,0.0,4.318909268252776,0
2024-01-24,02:00:00,winter,12.056835015241221,68.00513263598437,0.0,0.6052211132014018,0
2024-01-24,03:00:00,winter,5.815841710083053,60.073474938105754,0.0,8.50375642655954,0
2024-01-24,04:00:00,winter,9.632749627497722,51.23386219928591,0.0,7.833215095301176,0
2024-01-24,05:00:00,winter,7.517147661121728,44.059727114604286,0.0,7.819949309461533,0
2024-01-24,06:00:00,winter,5.1343955003965895,43.911713492960764,0.12672024593480105,2.6893783322097455,0
2024-01-24,07:00:00,winter,15.024588069311115,60.73539460530116,0.1124708852784181,5.3416591492616465,0
2024-01-24,08:00:00,winter,18.306029680806915,53.82671703540246,0.13340955446579825,9.97127581113601,0
2024-01-24,09:00:00,winter,7.155280162008621,67.93681404859679,0.13113613806701208,8.686767493896095,0
2024-01-24,10:00:00,winter,8.230791015776918,63.21549367566904,0.01689348527104607,0.6861803243980968,0
2024-01-24,11:00:00,winter,6.056166634564128,68.83347955285646,0.03236202053685496,1.475074540724497,0
2024-01-24,12:00:00,winter,17.734661648932384,63.71883005790686,0.027493803948053418,6.058256690392579,0
2024-01-24,13:00:00,winter,17.78841414741302,57.09409995611235,0.09073455179586119,0.9148876626200053,0
2024-01-24,14:00:00,winter,8.079046399409687,57.166518203077736,0.1631180522645985,2.6707551662032603,0
2024-01-24,15:00:00,winter,6.955684309710255,52.233882090380185,0.13748199363917368,7.216136261458428,0
2024-01-24,16:00:00,winter,16.51346949346243,41.711525466826416,0.20215549896247717,9.354772361515417,0
2024-01-24,17:00:00,winter,14.670283506108008,43.99162475145878,0.20588042815086535,5.086853154669235,0
2024-01-24,18:00:00,winter,12.599439536606429,44.01948229200626,0.22347421100961498,8.842355037854945,0
2024-01-24,19:00:00,winter,9.474274572447438,48.8573912829357,0.0,4.300460076527379,0
2024-01-24,20:00:00,winter,9.095089785810394,57.44803814907485,0.0,4.676573129692213,0
2024-01-24,21:00:00,winter,5.871836522299634,59.84615970316223,0.0,3.2889971310076174,0
2024-01-24,22:00:00,winter,17.571335055194943,45.73632277395612,0.0,1.0674918807575828,0
2024-01-24,23:00:00,winter,10.80224766610866,40.48954317418788,0.0,7.035653696793643,0
2024-01-25,00:00:00,winter,9.123873881940648,52.90231441905398,0.0,7.652439435130431,0
2024-01-25,01:00:00,winter,17.551269315573105,50.85686377381713,0.0,3.7525309289836417,0
2024-01-25,02:00:00,winter,9.629776717602267,49.26343835195349,0.0,0.7056827686554445,0
2024-01-25,03:00:00,winter,19.22059826033628,69.53234259683317,0.0,5.05380646892668,0
2024-01-25,04:00:00,winter,13.27104000631467,59.31496081163924,0.0,4.474570151784949,0
2024-01-25,05:00:00,winter,17.167543729355113,63.31575139935035,0.0,9.778948232774393,0
2024-01-25,06:00:00,winter,19.89362113497729,47.43920878470066,0.21335852736856592,7.893026110707116,0
2024-01-25,07:00:00,winter,11.571448768272141,58.724174595624376,0.2337118234675886,7.839605707788337,0
2024-01-25,08:00:00,winter,12.337030313604842,45.425360266485626,0.0929240698089181,3.8408516828731463,0
2024-01-25,09:00:00,winter,7.445255304997636,50.98981723572422,0.17709753286673097,1.9994094568068976,0
2024-01-25,10:00:00,winter,15.92531798210542,56.523787431908445,0.22765672693829037,2.9298974225549,0
2024-01-25,11:00:00,winter,17.18790120981473,49.94810907237009,0.022715409319614466,4.540700032912779,0
2024-01-25,12:00:00,winter,13.618131518636213,51.64925100796983,0.16429038274046195,7.624135284863426,0
2024-01-25,13:00:00,winter,19.92763977317432,58.1927773468381,0.09049642243057322,2.2238328828912177,0
2024-01-25,14:00:00,winter,5.071938059507264,53.352304682366096,0.2400054577479777,2.133991862318565,0
2024-01-25,15:00:00,winter,7.325012685032531,42.84215376822191,0.17981716153541116,5.570153550600998,0
2024-01-25,16:00:00,winter,15.261516360475586,56.71772690654353,0.255197199311901,6.099842732110853,0
2024-01-25,17:00:00,winter,19.620893484691653,46.11306227385872,0.26031396208775703,0.8408636853518303,0
2024-01-25,18:00:00,winter,17.840420658277484,66.94849834694519,0.11449652542850575,2.2419209506246727,0
2024-01-25,19:00:00,winter,14.044015467003309,68.38973071944496,0.0,2.9447372030969365,0
2024-01-25,20:00:00,winter,8.252364171579057,66.34891435185314,0.0,8.250391077076069,0
2024-01-25,21:00:00,winter,10.84383023104444,45.8555159467126,0.0,1.7931018975985646,0
2024-01-25,22:00:00,winter,14.300278783634875,58.72667451005783,0.0,6.709815106470086,0
2024-01-25,23:00:00,winter,6.792942389088763,47.67954268320494,0.0,1.9581954437274995,0
2024-01-26,00:00:00,winter,17.137286186880974,68.38584777062715,0.0,1.2462039033105843,0
2024-01-26,01:00:00,winter,7.610362835271772,54.05364141222687,0.0,3.7722847485356947,0
2024-01-26,02:00:00,winter,17.045611894002548,42.612845366135176,0.0,1.4924754982294963,0
2024-01-26,03:00:00,winter,19.279395138016078,49.382526116819456,0.0,0.16997492178278395,0
2024-01-26,04:00:00,winter,13.310039759596663,56.724141430599616,0.0,4.248959574691558,0
2024-01-26,05:00:00,winter,13.614294669735283,66.60571790125726,0.0,1.161069744740857,0
2024-01-26,06:00:00,winter,17.48280431995989,46.94156287392878,0.06879408336224685,2.5219887526231433,0
2024-01-26,07:00:00,winter,9.51491773307912,49.24826943674445,0.15642126049722535,7.144860080216729,0
2024-01-26,08:00:00,winter,13.780804139795052,62.72858436237072,0.24331618488287238,8.800766220505777,0
2024-01-26,09:00:00,winter,9.563731707995627,60.69966447609977,0.2767218679810443,3.76488172877939,0
2024-01-26,10:00:00,winter,7.26799540586638,67.21072823464517,0.021702980109767265,8.993453003406877,0
2024-01-26,11:00:00,winter,18.611954038716423,42.371288728243705,0.23150473771012922,6.719172128079962,0
2024-01-26,12:00:00,winter,5.6424759372105395,42.372718161344,0.09192462330521167,5.799428483818609,0
2024-01-26,13:00:00,winter,10.904099889220774,50.40907806570456,0.19572450431656985,8.834422509887943,0
2024-01-26,14:00:00,winter,15.31875213859383,51.7091706672123,0.08957685191269991,0.48718766809877967,0
2024-01-26,15:00:00,winter,7.500902805681957,64.50857046783412,0.0581251253148778,4.898440655580105,0
2024-01-26,16:00:00,winter,5.602230016139545,59.932938058029784,0.026569533835455406,5.752422804729615,0
2024-01-26,17:00:00,winter,9.789375199157883,56.33992941444052,0.027336083486008366,7.196186451794443,0
2024-01-26,18:00:00,winter,19.516117772542504,65.18962085589834,0.13756496914518865,2.088831968700796,0
2024-01-26,19:00:00,winter,15.570476210391861,47.88550661497941,0.0,1.6612915733300604,0
2024-01-26,20:00:00,winter,7.007941412655397,63.662326066955416,0.0,7.60791254892252,0
2024-01-26,21:00:00,winter,11.508960615285087,58.651393930419964,0.0,5.446694765628452,0
2024-01-26,22:00:00,winter,8.32023819612516,61.32412342727673,0.0,8.885868070527884,0
2024-01-26,23:00:00,winter,14.743339423056879,69.21543856148011,0.0,6.2543277813898595,0
2024-01-27,00:00:00,winter,11.279394852688084,53.604345855861624,0.0,6.057008359895867,0
2024-01-27,01:00:00,winter,13.582462610966724,50.75361410665235,0.0,5.619444167947022,0
2024-01-27,02:00:00,winter,16.798565215056907,53.634220805980874,0.0,6.496698485693431,0
2024-01-27,03:00:00,winter,9.724193617935285,58.10024991568518,0.0,8.609425993945573,0
2024-01-27,04:00:00,winter,15.192715402068805,47.113809473378524,0.0,5.588442527484147,0
2024-01-27,05:00:00,winter,14.556474523460768,56.68318515833087,0.0,4.977149055411402,0
2024-01-27,06:00:00,winter,9.89214073989552,63.6566668642982,0.2216675486319309,3.565768241132349,0
2024-01-27,07:00:00,winter,18.580389638688793,63.9152605278539,0.14110352221050426,8.216930758902475,0
2024-01-27,08:00:00,winter,13.886970195806095,59.239106662493796,0.14521261533648866,2.6494547197544085,0
2024-01-27,09:00:00,winter,15.575715803640197,64.07142811079967,0.2687887418919768,0.9564111141586551,0
2024-01-27,10:00:00,winter,15.413000243644724,57.832700297046216,0.029680913853759126,2.9463764763449807,0
2024-01-27,11:00:00,winter,5.934306175479813,47.41915206134274,0.2626867982339583,9.583378987949676,0
2024-01-27,12:00:00,winter,12.362706082611222,63.590171760669925,0.20382907999045272,6.043519811342032,0
2024-01-27,13:00:00,winter,10.016139114678726,44.784889852003815,0.14357288666024415,3.769981656147446,0
2024-01-27,14:00:00,winter,14.698913196831192,40.94098358653457,0.23021058509531014,5.328821681463889,0
2024-01-27,15:00:00,winter,16.96178460709312,52.90541553418824,0.12789460355655255,8.059701576036858,0
2024-01-27,16:00:00,winter,15.438802531176416,45.44851065040276,0.25450753766382306,4.949726585282925,0
2024-01-27,17:00:00,winter,6.085343201555542,65.38053180300435,0.0887122765056235,6.468329064755155,0
2024-01-27,18:00:00,winter,18.373693048895014,59.32189275626767,0.02482724152602862,6.245475175101949,0
2024-01-27,19:00:00,winter,7.542309175090379,51.45663525375294,0.0,6.2111333123448045,0
2024-01-27,20:00:00,winter,17.041161598484088,42.30782912172553,0.0,6.736746041443976,0
2024-01-27,21:00:00,winter,17.589973357904505,67.2395483080192,0.0,4.088597109768097,0
2024-01-27,22:00:00,winter,19.325938350036864,59.59206138997817,0.0,4.860065071782975,0
2024-01-27,23:00:00,winter,9.36103632877852,68.97584152608219,0.0,2.2987118283489316,0
2024-01-28,00:00:00,winter,19.886425390908137,53.3834532970078,0.0,3.5563723592660654,0
2024-01-28,01:00:00,winter,7.450194041016948,65.12159314871106,0.0,6.000997212386215,0
2024-01-28,02:00:00,winter,17.973812493369955,63.35881466871553,0.0,6.302528364256554,0
2024-01-28,03:00:00,winter,7.133279872626707,48.07504979228732,0.0,1.216998425423036,0
2024-01-28,04:00:00,winter,14.557691067897057,40.53854260407047,0.0,3.7461611437918996,0
2024-01-28,05:00:00,winter,8.93140570886839,43.79541904506592,0.0,9.48866186752971,0
2024-01-28,06:00:00,winter,6.156564455985541,48.045651397968285,0.26570647040864687,7.132918144969885,0
2024-01-28,07:00:00,winter,19.33439227759125,41.70424942404155,0.08560028140502587,5.48191853559318,0
2024-01-28,08:00:00,winter,12.971045274639984,47.51954889752793,0.29234530619976196,3.51627718855274,0
2024-01-28,09:00:00,winter,18.196187159274306,60.56075361146164,0.21901845500465517,0.6651338933876128,0
2024-01-28,10:00:00,winter,17.11555015043816,42.92634444360184,0.016837453846434525,9.27011203961613,0
2024-01-28,11:00:00,winter,17.74216684905371,63.32751426080611,0.12430750027616097,7.67884971040942,0
2024-01-28,12:00:00,winter,5.606831614707424,42.71177854188535,0.12796358219571272,0.009258764222576099,0
2024-01-28,13:00:00,winter,13.423042459702307,53.403453922312494,0.22610239325314685,9.07988451724937,0
2024-01-28,14:00:00,winter,7.118488373211326,46.67196471523153,0.037835308090854926,9.56517311931866,0
2024-01-28,15:00:00,winter,8.793798000748431,52.34747652868025,0.17779353717707042,3.5391740092331436,0
2024-01-28,16:00:00,winter,6.956496001847127,56.96449811083451,0.02753128339797136,6.218275810123618,0
2024-01-28,17:00:00,winter,15.689462110376699,45.78411426522947,0.1600953909155028,3.874652033319169,0
2024-01-28,18:00:00,winter,13.321558789465762,51.87242058892908,0.21395518092798435,1.8576047040820465,0
2024-01-28,19:00:00,winter,18.988224945237913,62.51068466567328,0.0,6.680673815095027,0
2024-01-28,20:00:00,winter,15.929153192470197,63.00640282807446,0.0,8.481971270666133,0
2024-01-28,21:00:00,winter,16.594489306097365,51.95250914532656,0.0,8.860970118036015,0
2024-01-28,22:00:00,winter,19.049208797057045,66.267605607807,0.0,7.7960806283490145,0
2024-01-28,23:00:00,winter,17.256980867609975,59.911541617265755,0.0,7.041361402635672,0
2024-01-29,00:00:00,winter,8.066224473795696,60.389188769942635,0.0,9.250781823611804,0
2024-01-29,01:00:00,winter,19.084902491927572,63.44740100409578,0.0,8.993452322399646,0
2024-01-29,02:00:00,winter,6.0176205051934515,51.63383829877956,0.0,0.005165675930052238,0
2024-01-29,03:00:00,winter,9.453309060007788,46.7157667546342,0.0,8.514066967657147,0
2024-01-29,04:00:00,winter,17.093806066340512,52.532466740526424,0.0,6.9323193462586055,0
2024-01-29,05:00:00,winter,12.051442287372616,48.9321369477138,0.0,9.374997518580297,0
2024-01-29,06:00:00,winter,15.814806172145834,67.20725635123796,0.2438356349785209,0.8081152956880611,0
2024-01-29,07:00:00,winter,7.244787693977109,49.74235685164014,0.2573337820627962,7.098890680291882,0
2024-01-29,08:00:00,winter,14.390855952271844,51.23764396647891,0.06039878888424692,7.597173936491376,0
2024-01-29,09:00:00,winter,18.47510204578638,51.163844085134315,0.215342368212641,5.7093357267521245,0
2024-01-29,10:00:00,winter,14.678609975545772,47.15933143630914,0.02850212093169796,4.7603587889750765,0
2024-01-29,11:00:00,winter,13.897960015661267,60.22560347271868,0.1100747874865906,2.1736161428250558,0
2024-01-29,12:00:00,winter,14.397511910707243,46.12173196009815,0.1414296896781784,0.4779900284093874,0
2024-01-29,13:00:00,winter,10.935913022295022,54.36186882657785,0.26242223066814735,7.458170513144861,0
2024-01-29,14:00:00,winter,17.103207321304563,61.37430527236146,0.03932823741938467,6.251825589601326,0
2024-01-29,15:00:00,winter,13.596779227460532,66.10974247696153,0.1307841721892857,5.23968116760132,0
2024-01-29,16:00:00,winter,18.919516831539745,61.36740979694831,0.044096628699664374,4.630253601065702,0
2024-01-29,17:00:00,winter,11.500377821418084,55.8046262506511,0.10822728198124121,7.191617427983222,0
2024-01-29,18:00:00,winter,17.14410962431351,58.3694655748732,0.0976602021660424,2.6989940982569616,0
2024-01-29,19:00:00,winter,8.558861831525848,62.3207069211625,0.0,4.993244786479258,0
2024-01-29,20:00:00,winter,17.593185218943248,52.6728244917589,0.0,7.786895046411465,0
2024-01-29,21:00:00,winter,11.706061170790983,61.53274314175212,0.0,4.441263708199493,0
2024-01-29,22:00:00,winter,6.752197555901809,66.67018816877315,0.0,6.8349643424800295,0
2024-01-29,23:00:00,winter,12.334272273152923,47.065451651825406,0.0,6.01292639655628,0
2024-01-30,00:00:00,winter,5.629196049236051,49.012835269806445,0.0,4.030839442078912,0
2024-01-30,01:00:00,winter,15.619177614333978,48.36728202395166,0.0,4.032158228016187,0
2024-01-30,02:00:00,winter,14.2208910369017,50.186994912667615,0.0,2.6593769685030533,0
2024-01-30,03:00:00,winter,10.01486155858562,48.90005520913668,0.0,7.515510774199603,0
2024-01-30,04:00:00,winter,18.86923224514878,62.597728510292754,0.0,5.804383408401916,0
2024-01-30,05:00:00,winter,9.747228970834495,67.7968551925672,0.0,0.24293517245349672,0
2024-01-30,06:00:00,winter,13.486379173488388,67.3321006403211,0.27453414147854066,5.143916547915845,0
2024-01-30,07:00:00,winter,11.791778814772911,57.85827592464932,0.05245119108898942,7.418999923343793,0
2024-01-30,08:00:00,winter,9.449520085963757,46.487208670896116,0.22186832829830724,6.94939977883211,0
2024-01-30,09:00:00,winter,12.28124123877977,48.99833373753158,0.1689376723463578,2.3115129432594337,0
2024-01-30,10:00:00,winter,14.132605940491468,62.26517288118566,0.15623711363155918,0.03683755836351055,0
2024-01-30,11:00:00,winter,13.842674931487744,49.97259398010587,0.2855397035634328,6.264790092798228,0
2024-01-30,12:00:00,winter,19.942493787641578,51.43108084127821,0.14706869268625017,5.73303506591015,0
2024-01-30,13:00:00,winter,10.312095499671374,55.04300812148218,0.277214215160609,1.9727486028025143,0
2024-01-30,14:00:00,winter,10.440477259191267,66.17207514916588,0.2771215287135671,7.138567597373363,0
2024-01-30,15:00:00,winter,15.88469555161928,56.21645397567162,0.17047178822141068,5.48640050111686,0
2024-01-30,16:00:00,winter,16.813242569879975,48.70016120072691,0.08068125451512861,8.898073858131838,0
2024-01-30,17:00:00,winter,8.939909166622504,56.34263202627967,0.181609917598839,9.42427589184293,0
2024-01-30,18:00:00,winter,18.55856246514406,45.17322909824675,0.2295491460873877,7.9896050592529555,0
2024-01-30,19:00:00,winter,6.314466077046497,58.87127597581852,0.0,3.120131260898049,0
2024-01-30,20:00:00,winter,16.31805122289963,40.953937673582246,0.0,4.599833536365398,0
2024-01-30,21:00:00,winter,10.110623567331215,55.43646819570335,0.0,8.660558503199919,0
2024-01-30,22:00:00,winter,18.76983727264588,42.49244485628762,0.0,2.305338813233717,0
2024-01-30,23:00:00,winter,15.450201566750941,51.500880788168615,0.0,7.740741166931279,0
2024-01-31,00:00:00,winter,9.211790777229826,62.522601790853116,0.0,3.09030655794871,0
2024-01-31,01:00:00,winter,6.356858546401476,55.234383446479804,0.0,9.075335895029049,0
2024-01-31,02:00:00,winter,18.134708604509022,45.044264927047266,0.0,5.5938865312427115,0
2024-01-31,03:00:00,winter,8.797025375719882,65.31762923621774,0.0,2.095717916796631,0
2024-01-31,04:00:00,winter,18.04744285510887,58.69897678124978,0.0,9.573059406551799,0
2024-01-31,05:00:00,winter,16.710244419797032,54.35923341076539,0.0,8.620985086895457,0
2024-01-31,06:00:00,winter,8.59832810875955,55.56001269401203,0.22000618188565832,8.428911161398931,0
2024-01-31,07:00:00,winter,6.129375082817322,64.24379778099485,0.061530116600030445,4.580410225995947,0
2024-01-31,08:00:00,winter,13.32954977342905,68.52311552553948,0.07498836107504078,7.046875341704989,0
2024-01-31,09:00:00,winter,13.448915343919145,69.83145318966233,0.18552459422734624,3.6506517169093353,0
2024-01-31,10:00:00,winter,7.693740280462231,59.25111303385816,0.21043722731905132,2.5773998702730747,0
2024-01-31,11:00:00,winter,18.83781902495541,59.692188958484365,0.031164072658705275,3.1502764957725296,0
2024-01-31,12:00:00,winter,7.422767886540678,65.40744123680193,0.1921703842590586,2.4917791653719448,0
2024-01-31,13:00:00,winter,10.55337134613649,48.83375363132375,0.2835742344777438,2.2106426956188496,0
2024-01-31,14:00:00,winter,18.915967734875984,46.81168435015624,0.08053793130326217,4.921462328251874,0
2024-01-31,15:00:00,winter,10.897322540784367,42.6047510746906,0.2491117527456638,2.0063188808960577,0
2024-01-31,16:00:00,winter,6.114146887658984,69.74110241191534,0.20333228408116039,7.120681668659392,0
2024-01-31,17:00:00,winter,19.94950163712845,47.3519101016042,0.15802787220883638,4.006533956938227,0
2024-01-31,18:00:00,winter,14.6096537327445,66.18024954846717,0.27487908655396137,3.0252090606531077,0
2024-01-31,19:00:00,winter,15.73964820711734,46.68246410870948,0.0,3.2008596645307774,0
2024-01-31,20:00:00,winter,19.892400228935706,62.99554053794836,0.0,2.988610415105838,0
2024-01-31,21:00:00,winter,15.23276589891426,40.91287378131937,0.0,9.487933227357166,0
2024-01-31,22:00:00,winter,7.613907507236254,42.16950629052743,0.0,8.089164043481421,0
2024-01-31,23:00:00,winter,11.491646657530126,48.310907529179005,0.0,3.0212177682593433,0
2024-02-01,00:00:00,winter,15.239390111684783,55.73858686408247,0.0,8.7441137105577,0
